Session	Date	Time CST Local Time (UTC/GMT -6 hours )	Room	Paper Type	Session Name 	Pres. Order	Paper ID	Paper Title	Author	Length	Category	Presentation Preference	Is registered?	Type of registration	Underline comments	Session (on CHANGE SHEET)	Changed From	Changed To	Status of Change	Chair	Chair email	Abstract	Old Presentation Mode
Session B	2024-06-17	11:00	Alberto 1 (Cap. 400)	Main Conference	Special Theme: Languages of Latin America	1	140	A Universal Dependencies Treebank for Highland Puebla Nahuatl	['Robert Pugh', 'Francis M. Tyers']	Long 13/4.5/.5 (18)	Oral 	In Person	Yes	In Person 		Orals B1				Luis Chiruzzo	luischir@fing.edu.uy		
Session B	2024-06-17	11:00	Alberto 1 (Cap. 400)	Main Conference	Special Theme: Languages of Latin America	2	289	Kreyòl-MT: Building MT for Latin American, Caribbean and Colonial African Creole Languages	['Nathaniel Romney Robinson', 'Raj Dabre', 'Ammon C Shurtz', 'Rasul Dent', 'Onenamiyi Onesi', 'Claire Bizon Monroc', 'Loïc Grobol', 'Hasan Muhammad', 'Ashi Garg', 'Naome A Etori', 'Vijay Murari Tiyyala', 'Olanrewaju Samuel', 'Matthew Dean Stutzman', 'Bismarck Bamfo Odoom', 'Sanjeev Khudanpur', 'Stephen D. Richardson', 'Kenton Murray']	Long 13/4.5/.5 (18)	Oral 	In Person	Yes	In Person 		Orals B1							
Session B	2024-06-17	11:00	Alberto 1 (Cap. 400)	Main Conference	Special Theme: Languages of Latin America	3	548	Generating Mental Health Transcripts with SAPE (Spanish Adaptive Prompt Engineering)	['Daniel Cabrera Lozoya', 'Alejandro Casar Berazaluce', 'Juan Alberto Barajas Perches', 'Eloy Hernández Lúa', 'Mike Conway', "Simon D'Alfonso"]	Long 13/4.5/.5 (18)	Oral 	In Person	Yes	In Person 		Orals B1							
Session B	2024-06-17	11:00	Alberto 1 (Cap. 400)	Main Conference	Special Theme: Languages of Latin America	4	801	NLP Progress in Indigenous Latin American Languages	['Atnafu Lambebo Tonja', 'Fazlourrahman Balouchzahi', 'SABUR BUTT', 'Olga Kolesnikova', 'Hector Ceballos', 'Alexander Gelbukh', 'Thamar Solorio']	Long 13/4.5/.5 (18)	Oral 	In Person	Yes	In Person 		Orals B1							
Session B	2024-06-17	11:00	Alberto 1 (Cap. 400)	Main Conference	Special Theme: Languages of Latin America	5	1060	GuyLingo: The Republic of Guyana Creole Corpora	['Christopher Clarke', 'Roland Daynauth', 'Jason Mars', 'Charlene Wilkinson', 'Hubert Devonish']	Long 13/4.5/.5 (18)	Oral 	In Person	Yes	In Person 		Orals B1							
Session B	2024-06-17	11:00	Alberto 2 (Cap. 200)	Main Conference	Generation	1	5	Text Diffusion Model with Encoder-Decoder Transformers for Sequence-to-Sequence Generation	['Hongyi Yuan', 'Zheng Yuan', 'Chuanqi Tan', 'Fei Huang', 'Songfang Huang']	Long 13/4.5/.5 (18)	Oral 	In Person	Yes	In Person 		Orals B2				Ashutosh Modi	ashutoshm@cse.iitk.ac.in		
Session B	2024-06-17	11:00	Alberto 2 (Cap. 200)	Main Conference	Generation	2	159	JAMDEC: Unsupervised Authorship Obfuscation using Constrained Decoding over Small Language Models	['Jillian Fisher', 'Ximing Lu', 'Jaehun Jung', 'Liwei Jiang', 'Zaid Harchaoui', 'Yejin Choi']	Long 13/4.5/.5 (18)	Oral 	In Person	Yes	In Person 		ORAL I2	Conf Session B - 06/17 - 11:-12:30	Session I - 06/19 - 09-10:30	Underline to Update				
Session B	2024-06-17	11:00	Alberto 2 (Cap. 200)	Main Conference	Generation	3	852	The steerability of large language models toward data-driven personas	['Junyi Li', 'Charith Peris', 'Ninareh Mehrabi', 'Palash Goyal', 'Kai-Wei Chang', 'Aram Galstyan', 'Richard Zemel', 'Rahul Gupta']	Long 13/4.5/.5 (18)	Oral 	In Person	Yes	In Person 		Orals B2							
Session B	2024-06-17	11:00	Alberto 2 (Cap. 200)	Main Conference	Generation	4	28	Struc-Bench: Are Large Language Models Good at Generating Complex Structured Tabular Data?	['Xiangru Tang', 'Yiming Zong', 'Jason Phang', 'Yilun Zhao', 'Wangchunshu Zhou', 'Arman Cohan', 'Mark Gerstein']	Long 13/4.5/.5 (18)	Oral 	In Person	Yes	In Person 	DONE	Orals B2	Conf Session C - 06/17 - 14-15:30	Conf Session B - 06/17 - 11:-12:30	Complete				
Session B	2024-06-17	11:00	Alberto 2 (Cap. 200)	Main Conference	Generation	5	1040	David helps Goliath: Inference-Time Collaboration Between Small Specialized and Large General Diffusion LMs	['Xiaochuang Han', 'Sachin Kumar', 'Yulia Tsvetkov', 'Marjan Ghazvininejad']	Long 13/4.5/.5 (18)	Oral 	In Person	Yes	In Person 		Orals B2							
Session B	2024-06-17	11:00	Alberto 3 (Cap. 200)	Main Conference	Question Answering	1	135	SEMQA: Semi-Extractive Multi-Source Question Answering	['Tal Schuster', 'Adam D Lelkes', 'Haitian Sun', 'Jai Gupta', 'Jonathan Berant', 'William W. Cohen', 'Donald Metzler']	Long 13/4.5/.5 (18)	Oral 	In Person	Yes	In Person 		Orals B3				Alessandro Moschitti	amoschitti@gmail.com		
Session B	2024-06-17	11:00	Alberto 3 (Cap. 200)	Main Conference	Question Answering	2	248	PaD: Program-aided Distillation Can Teach Small Models Reasoning Better than Chain-of-thought Fine-tuning	['Xuekai Zhu', 'Biqing Qi', 'Kaiyan Zhang', 'Xinwei Long', 'Zhouhan Lin', 'Bowen Zhou']	Long 13/4.5/.5 (18)	Oral 	In Person	Yes	In Person 		Orals B3							
Session B	2024-06-17	11:00	Alberto 3 (Cap. 200)	Main Conference	Question Answering	3	429	Enhancing Contextual Understanding in Large Language Models through Contrastive Decoding	['Zheng Zhao', 'Emilio Monti', 'Jens Lehmann', 'Haytham Assem']	Long 13/4.5/.5 (18)	Oral 	In Person	Yes	In Person 		Orals B3							
Session B	2024-06-17	11:00	Alberto 3 (Cap. 200)	Main Conference	Question Answering	4	546	SportQA: A Benchmark for Sports Understanding in Large Language Models	['Haotian Xia', 'Zhengbang Yang', 'Yuqing Wang', 'Rhys Tracy', 'Yun Zhao', 'Dongdong Huang', 'Zezhi Chen', 'Yan Zhu', 'Yuan-fang Wang', 'Weining Shen']	Long 13/4.5/.5 (18)	Oral 	In Person	Yes	In Person 		Orals B3							
Session B	2024-06-17	11:00	Alberto 3 (Cap. 200)	Main Conference	Question Answering	5	553	Teaching Language Models to Self-Improve through Interactive Demonstrations	['Xiao Yu', 'Baolin Peng', 'Michel Galley', 'Jianfeng Gao', 'Zhou Yu']	Long 13/4.5/.5 (18)	Oral 	In Person	Yes	In Person 		Orals B3							
Session B	2024-06-17	11:00	Alberto 4 (Cap. 400)	Main Conference	Machine Translation	1	19	Self-generated Replay Memories for Continual Neural Machine Translation	['Michele Resta', 'Davide Bacciu']	Long 13/4.5/.5 (18)	Oral 	In Person	Yes	In Person 		Orals B4				Kenton Murray	kenton@jhu.edu		
Session B	2024-06-17	11:00	Alberto 4 (Cap. 400)	Main Conference	Machine Translation	2	318	A Preference-driven Paradigm for Enhanced Translation with Large Language Models	['Dawei Zhu', 'Sony Trenous', 'Xiaoyu Shen', 'Dietrich Klakow', 'Bill Byrne', 'Eva Hasler']	Long 13/4.5/.5 (18)	Oral 	In Person	Yes	In Person 		Orals B4							
																							
Session B	2024-06-17	11:00	Alberto 4 (Cap. 400)	Main Conference	Machine Translation	4	671	Modularized Multilingual NMT with Fine-grained Interlingua	['Sungjun Lim', 'Yoonjung Choi', 'Sangha Kim']	Long 13/4.5/.5 (18)	Oral 	In Person	Yes	In Person 		Orals B4							
Session B	2024-06-17	11:00	Alberto 4 (Cap. 400)	Main Conference	Machine Translation	5	819	The Unreasonable Effectiveness of Random Target Embeddings for Continuous-Output Neural Machine Translation	['Evgeniia Tokarchuk', 'Vlad Niculae']	Long 13/4.5/.5 (18)	Oral 	In Person	Yes	In Person 		Orals B4							
Session B	2024-06-17	11:00	Adelita (Cap. 120)	Main Conference	Discourse and Pragmatics	1	259	What Causes the Failure of Explicit to Implicit Discourse Relation Recognition?	['Wei Liu', 'Stephen Wan', 'Michael Strube']	Long 13/4.5/.5 (18)	Oral 	In Person	Yes	In Person 		Orals B5				Valentina Pyatkin	valentinap@allenai.org		
Session B	2024-06-17	11:00	Adelita (Cap. 120)	Main Conference	Discourse and Pragmatics	2	293	Separately Parameterizing Singleton Detection Improves End-to-end Neural Coreference Resolution	['Xiyuan Zou', 'Yiran Li', 'Ian Porada', 'Jackie CK Cheung']	Long 13/4.5/.5 (18)	Oral 	In Person	Yes	In Person 		Orals B5							
Session B	2024-06-17	11:00	Adelita (Cap. 120)	Main Conference	Discourse and Pragmatics	3	326	Event Causality Is Key to Computational Story Understanding	['Yidan Sun', 'Qin Chao', 'Boyang Li']	Long 13/4.5/.5 (18)	Oral 	In Person	Yes	In Person 		Orals B5							
Session B	2024-06-17	11:00	Adelita (Cap. 120)	Main Conference	Discourse and Pragmatics	4	395	Okay, Let's Do This! Modeling Event Coreference with Generated Rationales and Knowledge Distillation	['Abhijnan Nath', 'Shadi Manafi Avari', 'Avyakta Chelle', 'Nikhil Krishnaswamy']	Long 13/4.5/.5 (18)	Oral 	In Person	Yes	In Person 		Orals B5							
Session B	2024-06-17	11:00	Adelita (Cap. 120)	Main Conference	Discourse and Pragmatics	5	1067	LegalDiscourse: Interpreting When Laws Apply and To Whom	['Alexander Spangher', 'Zihan Xue', 'Te-Lin Wu', 'Mark Hansen', 'Jonathan May']	Long 13/4.5/.5 (18)	Oral 	In Person	Yes	In Person 		Orals B5							
Session C	2024-06-17	14:00	Alberto 1 (Cap. 400)	Main Conference	Ethics, Bias, and Fairness 1	1	68	Two Heads are Better than One: Nested PoE for Robust Defense Against Multi-Backdoors	['Victoria Graf', 'Qin Liu', 'Muhao Chen']	Long 13/4.5/.5 (18)	Oral 	In Person	Yes	In Person 		Orals C1				Su Lin Blodgett	sulin.blodgett@microsoft.com		
Session C	2024-06-17	14:00	Alberto 1 (Cap. 400)	Main Conference	Ethics, Bias, and Fairness 1	2	71	VertAttack: Taking Advantage of Text Classifiers’ Horizontal Vision	['Jonathan Rusert']	Long 13/4.5/.5 (18)	Oral 	In Person	Yes	In Person 		Orals C1							
Session C	2024-06-17	14:00	Alberto 1 (Cap. 400)	Main Conference	Ethics, Bias, and Fairness 1	3	116	One-Size-Fits-All? Examining Expectations around What Constitute "Fair" or "Good" NLG System Behaviors	['Li Lucy', 'Su Lin Blodgett', 'Milad Shokouhi', 'Hanna Wallach', 'Alexandra Olteanu']	Long 13/4.5/.5 (18)	Oral 	In Person	Yes	In Person 		Orals C1							
Session C	2024-06-17	14:00	Alberto 1 (Cap. 400)	Main Conference	Ethics, Bias, and Fairness 1	4	122	TrojFSP: Trojan Insertion in Few-shot Prompt Tuning	['Mengxin Zheng', 'Jiaqi Xue', 'Xun Chen', 'Yanshan Wang', 'Qian Lou', 'Lei Jiang']	Long 13/4.5/.5 (18)	Oral 	In Person	Yes	In Person 		Orals C1							
Session C	2024-06-17	14:00	Alberto 1 (Cap. 400)	Main Conference	Ethics, Bias, and Fairness 1	5	196	Automatic Generation of Model and Data Cards: A Step Towards Responsible AI	['Jiarui Liu', 'Wenkai Li', 'Zhijing Jin', 'Mona T. Diab']		Oral 	In Person	Yes	In Person 	DONE: moved from poster to oral as per comment in CHANGE SHEET	Oral C1	Session E - 06/18 - 9-10:30 	Conf Session C - 06/17 - 14-15:30	Complete				
Session C	2024-06-17	14:00	Alberto 2 (Cap. 200)	Main Conference	Summarization	1	51	AMRFact: Enhancing Summarization Factuality Evaluation with AMR-Driven Negative Samples Generation	['Haoyi Qiu', 'Kung-Hsiang Huang', 'Jingnong Qu', 'Nanyun Peng']	Long 13/4.5/.5 (18)	Oral 	In Person	Yes	In Person 		Orals C2				Rui Zhang	rmz5227@psu.edu		
Session C	2024-06-17	14:00	Alberto 2 (Cap. 200)	Main Conference	Summarization	2	211	RST-LoRA: A Discourse-Aware Low-Rank Adaptation for Long Document Abstractive Summarization	['Dongqi Pu', 'Vera Demberg']	Long 13/4.5/.5 (18)	Oral 	In Person	Yes	In Person 		Orals C2							
Session C	2024-06-17	14:00	Alberto 2 (Cap. 200)	Main Conference	Summarization	3	684	Semi-Supervised Dialogue Abstractive Summarization via High-Quality Pseudolabel Selection	['Jianfeng He', 'Hang Su', 'Jason Cai', 'Igor Shalyminov', 'Hwanjun Song', 'Saab Mansour']	Long 13/4.5/.5 (18)	Oral 	In Person	Yes	In Person 		Orals C2		Conf Session C - 06/17 - 14-15:30	Complete				Oral
Session C	2024-06-17	14:00	Alberto 2 (Cap. 200)	Main Conference	Summarization	4	856	CCSum: A Large-Scale and High-Quality Dataset for Abstractive News Summarization	['Xiang Jiang', 'Markus Dreyer']	Long 13/4.5/.5 (18)	Oral 	In Person	Yes	In Person 		Orals C2							
Session C	2024-06-17	14:00	Alberto 2 (Cap. 200)	Main Conference	Summarization	5	991	Improving Factuality in Clinical Abstractive Multi-Document Summarization by Guided Continued Pre-training	['Ahmed Salem Mohamed Elhady Mohamed', 'Khaled Mostafa Elsayed', 'Eneko Agirre', 'Mikel Artetxe']	Long 13/4.5/.5 (18)	Oral 	In Person	Yes	In Person 		Orals C2							
Session C	2024-06-17	14:00	Alberto 3 (Cap. 200)	Main Conference	Information Extraction	1	3	Named Entity Recognition Under Domain Shift via Metric Learning for Life Sciences	['Hongyi Liu', 'Qingyun Wang', 'Payam Karisani', 'Heng Ji']	Long 13/4.5/.5 (18)	Oral 	In Person	Yes	In Person 		Orals C3				Arnab Bhattacharya	arnabb@cse.iitk.ac.in		
Session C	2024-06-17	14:00	Alberto 3 (Cap. 200)	Main Conference	Information Extraction	2	580	GLiNER: Generalist Model for Named Entity Recognition using Bidirectional Transformer	['Urchade Zaratiana', 'Nadi Tomeh', 'Pierre Holat', 'Thierry Charnois']	Long 13/4.5/.5 (18)	Oral 	In Person	Yes	In Person 		Orals C3							
Session C	2024-06-17	14:00	Alberto 3 (Cap. 200)	Main Conference	Information Extraction	3	658	Event Detection from Social Media for Epidemic Prediction	['Tanmay Parekh', 'Anh Mac', 'Jiarui Yu', 'Yuxuan Dong', 'Syed Shahriar', 'Bonnie Liu', 'Eric J Yang', 'Kuan-Hao Huang', 'Wei Wang', 'Nanyun Peng', 'Kai-Wei Chang']	Long 13/4.5/.5 (18)	Oral 	In Person	Yes	In Person 		Orals C3							
Session C	2024-06-17	14:00	Alberto 3 (Cap. 200)	Main Conference	Information Extraction	4	786	Efficient Information Extraction in Few-Shot Relation Classification through Contrastive Representation Learning	['Philipp Borchert', 'Jochen De Weerdt', 'Marie-Francine Moens']	Long 13/4.5/.5 (18)	Oral 	In Person	Yes	In Person 		Orals C3							
Session C	2024-06-17	14:00	Alberto 3 (Cap. 200)	Main Conference	Information Extraction	5	979	Does Pre-trained Language Model Actually Infer Unseen Links in Knowledge Graph Completion?	['Yusuke Sakai', 'Hidetaka Kamigaito', 'Katsuhiko Hayashi', 'Taro Watanabe']	Long 13/4.5/.5 (18)	Oral 	In Person	Yes	In Person 		Orals C3							
Session C	2024-06-17	14:00	Alberto 4 (Cap. 400)	Main Conference	Multilinguality and Language Diversity	1	179	BUFFET: Benchmarking Large Language Models for Few-shot Cross-lingual Transfer	['Akari Asai', 'Sneha Kudugunta', 'Xinyan Velocity Yu', 'Terra Blevins', 'Hila Gonen', 'Machel Reid', 'Yulia Tsvetkov', 'Sebastian Ruder', 'Hannaneh Hajishirzi']	Long 13/4.5/.5 (18)	Oral 	In Person	Yes	In Person 		Orals C4				Alberto Barrón-Cedeño	a.barron@unibo.it		
Session C	2024-06-17	14:00	Alberto 4 (Cap. 400)	Main Conference	Multilinguality and Language Diversity	2	464	Zero-Shot vs. Translation-Based Cross-Lingual Transfer: The Case of Lexical Gaps	['Abteen Ebrahimi', 'Katharina von der Wense']	Long 13/4.5/.5 (18)	Oral 	In Person	Yes	In Person 		Orals C4							
Session C	2024-06-17	14:00	Alberto 4 (Cap. 400)	Main Conference	Multilinguality and Language Diversity	3	942	Leitner-Guided Memory Replay for Cross-lingual Continual Learning	["Meryem M'hamdi", 'Jonathan May']	Long 13/4.5/.5 (18)	Oral 	In Person	Yes	In Person 		Orals C4							
Session C	2024-06-17	14:00	Alberto 4 (Cap. 400)	Main Conference	Multilinguality and Language Diversity	4	1020	Adaptive Cross-lingual Text Classification through In-Context One-Shot Demonstrations	['Emilio Villa Cueva', 'ADRIAN PASTOR LOPEZ MONROY', 'Fernando Sánchez-Vega', 'Thamar Solorio']	Long 13/4.5/.5 (18)	Oral 	In Person	Yes	In Person 		Orals C4							
Session C	2024-06-17	14:00	Alberto 4 (Cap. 400)	Main Conference	Multilinguality and Language Diversity	5	1137	Breaking the Language Barrier: Can Direct Inference Outperform Pre-Translation in Multilingual LLM Applications?	['Yotam Intrator', 'Matan Halfon', 'Roman Goldenberg', 'Reut Tsarfaty', 'Matan Eyal', 'Ehud Rivlin', 'Yossi Matias', 'Natalia Aizenberg']	Long 13/4.5/.5 (18)	Oral 	In Person	Yes	In Person 		Orals C4							
Session C	2024-06-17	14:00	Adelita (Cap. 120)	Main Conference	Semantics: Sentence-level Semantics, Textual Inference and Other areas	1	85	BeLLM: Backward Dependency Enhanced Large Language Model for Sentence Embeddings	['Xianming LI', 'Jing Li']	Long 13/4.5/.5 (18)	Oral 	In Person	Yes	In Person 		Orals C5				Marianna Apidianaki	marapi@seas.upenn.edu		
Session C	2024-06-17	14:00	Adelita (Cap. 120)	Main Conference	Semantics: Sentence-level Semantics, Textual Inference and Other areas	2	125	X-PARADE: Cross-Lingual Textual Entailment and Information Divergence across Paragraphs	['Juan Diego Rodriguez', 'Katrin Erk', 'Greg Durrett']	Long 13/4.5/.5 (18)	Oral 	In Person	Yes	In Person 		Orals C5							
Session C	2024-06-17	14:00	Adelita (Cap. 120)	Main Conference	Semantics: Sentence-level Semantics, Textual Inference and Other areas	3	340	Complex Claim Verification with Evidence Retrieved in the Wild	['Jifan Chen', 'Grace Kim', 'Aniruddh Sriram', 'Greg Durrett', 'Eunsol Choi']	Long 13/4.5/.5 (18)	Oral 	In Person	Yes	In Person 		Orals C5							
Session C	2024-06-17	14:00	Adelita (Cap. 120)	Main Conference	Semantics: Sentence-level Semantics, Textual Inference and Other areas	4	539	Leveraging Code to Improve In-Context Learning for Semantic Parsing	['Ben Bogin', 'Shivanshu Gupta', 'Peter Clark', 'Ashish Sabharwal']	Long 13/4.5/.5 (18)	Oral 	In Person	Yes	In Person 		Orals C5							
Session C	2024-06-17	14:00	Adelita (Cap. 120)	Main Conference	Semantics: Sentence-level Semantics, Textual Inference and Other areas	5	971	MOSAICo: a Multilingual Open-text Semantically Annotated Interlinked Corpus	['Simone Conia', 'Edoardo Barba', 'Abelardo Carlos Martinez Lorenzo', 'Pere-Lluís Huguet Cabot', 'Riccardo Orlando', 'Luigi Procopio', 'Roberto Navigli']	Long 13/4.5/.5 (18)	Oral 	In Person	Yes	In Person 		Orals C5							
Session D	2024-06-17	16:00	Alberto 1 (Cap. 400)	Main Conference	Ethics, Bias, and Fairness 2	1	305	Instructional Fingerprinting of Large Language Models	['Jiashu Xu', 'Fei Wang', 'Mingyu Derek Ma', 'Pang Wei Koh', 'Chaowei Xiao', 'Muhao Chen']	Long 13/4.5/.5 (18)	Oral 	In Person	Yes	In Person 		Orals D1				Jonathan Rusert	jrusert@pfw.edu		
Session D	2024-06-17	16:00	Alberto 1 (Cap. 400)	Main Conference	Ethics, Bias, and Fairness 2	2	428	Exploring Cross-Cultural Differences in English Hate Speech Annotations: From Dataset Construction to Analysis	['Nayeon Lee', 'Chani Jung', 'Junho Myung', 'Jiho Jin', 'Jose Camacho-Collados', 'Juho Kim', 'Alice Oh']	Long 13/4.5/.5 (18)	Oral 	In Person	Yes	In Person 		Orals D1							
Session D	2024-06-17	16:00	Alberto 1 (Cap. 400)	Main Conference	Ethics, Bias, and Fairness 2	3	44	From Shortcuts to Triggers: Backdoor Defense with Denoised PoE	['Qin Liu', 'Fei Wang', 'Chaowei Xiao', 'Muhao Chen']	Long 13/4.5/.5 (18)	Oral 	In Person	Yes	In Person 	DONE	Oral D1	Session E - 06/18 - 9-10:30 	Conf Session D - 06/17 - 16 - 17:30	Complete				
Session D	2024-06-17	16:00	Alberto 1 (Cap. 400)	Main Conference	Ethics, Bias, and Fairness 2	4	873	Removing RLHF Protections in GPT-4 via Fine-Tuning	['Qiusi Zhan', 'Richard Fang', 'Rohan Bindu', 'Akul Gupta', 'Tatsunori Hashimoto', 'Daniel Kang']	Long 13/4.5/.5 (18)	Oral 	In Person	Yes	In Person 		Orals D1							
Session D	2024-06-17	16:00	Alberto 1 (Cap. 400)	Main Conference	Ethics, Bias, and Fairness 2	5	325	GRASP: A Disagreement Analysis Framework to Assess Group Associations in Perspectives	['Vinodkumar Prabhakaran', 'Christopher M Homan', 'Lora Aroyo', 'Aida Mostafazadeh Davani', 'Alicia Parrish', 'Alex Taylor', 'Mark Diaz', 'Ding Wang', 'Gregory Serapio-García']	Long 13/4.5/.5 (18)	Oral 	In Person	Yes	In Person 	DONE: moved from poster to oral	Oral D1	Session E - 06/18 - 9-10:30 	Conf Session D - 06/17 - 16 - 17:30					
Session D	2024-06-17	16:00	Alberto 2 (Cap. 200)	Main Conference	Dialogue and Interactive Systems	1	47	FLAP: Flow-Adhering Planning with Constrained Decoding in LLMs	['Shamik Roy', 'Sailik Sengupta', 'Daniele Bonadiman', 'Saab Mansour', 'Arshit Gupta']	Long 13/4.5/.5 (18)	Oral 	In Person	Yes	In Person 		Orals D2				Weiyan Shi	we.shi@northeastern.edu		
Session D	2024-06-17	16:00	Alberto 2 (Cap. 200)	Main Conference	Dialogue and Interactive Systems	2	231	LLM-based Medical Assistant Personalization with Short- and Long-Term Memory Coordination	['Kai Zhang', 'Yangyang Kang', 'Fubang Zhao', 'Xiaozhong Liu']	Long 13/4.5/.5 (18)	Oral 	In Person	Yes	In Person 		Orals D2							
Session D	2024-06-17	16:00	Alberto 2 (Cap. 200)	Main Conference	Dialogue and Interactive Systems	3	554	MAGID: An Automated Pipeline for Generating Synthetic Multi-modal Datasets	['Hossein Aboutalebi', 'Hwanjun Song', 'Yusheng Xie', 'Arshit Gupta', 'Lijia Sun', 'Hang Su', 'Igor Shalyminov', 'Nikolaos Pappas', 'Siffi Singh', 'Saab Mansour']	Long 13/4.5/.5 (18)	Oral 	In Person		In Person 		Orals D2							
Session D	2024-06-17	16:00	Alberto 2 (Cap. 200)	Main Conference	Dialogue and Interactive Systems	4	557	Does GPT-4 pass the Turing test?	['Cameron Robert Jones', 'Ben Bergen']	Long 13/4.5/.5 (18)	Oral 	In Person	Yes	In Person 		Orals D2							
Session D	2024-06-17	16:00	Alberto 2 (Cap. 200)	Main Conference	Dialogue and Interactive Systems	5	731	Grounding Gaps in Language Model Generations	['Omar Shaikh', 'Kristina Gligoric', 'Ashna Khetan', 'Matthias Gerstgrasser', 'Diyi Yang', 'Dan Jurafsky']	Long 13/4.5/.5 (18)	Oral 	In Person	Yes	In Person 		Orals D2							
Session D	2024-06-17	16:00	Alberto 3 (Cap. 200)	Main Conference	Information Retrieval and Text Mining	1	236	CELI: Simple yet Effective Approach to Enhance Out-of-Domain Generalization of Cross-Encoders.	['Xinyu Zhang', 'Minghan Li', 'Jimmy Lin']	Long 13/4.5/.5 (18)	Oral 	In Person	Yes	In Person 		Orals D3				Muhao Chen	muhchen@ucdavis.edu		
Session D	2024-06-17	16:00	Alberto 3 (Cap. 200)	Main Conference	Information Retrieval and Text Mining	2	396	Can Knowledge Graphs Reduce Hallucinations in LLMs? : A Survey	['Garima Agrawal', 'Tharindu Sandaruwan Kumarage', 'Zeyad Alghamdi', 'huan liu']	Long 13/4.5/.5 (18)	Oral 	In Person	Yes	In Person 		Orals D3							
Session D	2024-06-17	16:00	Alberto 3 (Cap. 200)	Main Conference	Information Retrieval and Text Mining	3	885	DUQGen: Effective Unsupervised Domain Adaptation of Neural Rankers by Diversifying Synthetic Query Generation	['Ramraj Chandradevan', 'Kaustubh Dhole', 'Eugene Agichtein']	Long 13/4.5/.5 (18)	Oral 	In Person	Yes	In Person 		Orals D3							
Session D	2024-06-17	16:00	Alberto 3 (Cap. 200)	Main Conference	Information Retrieval and Text Mining	5	1037	REPLUG: Retrieval-Augmented Black-Box Language Models	['Weijia Shi', 'Sewon Min', 'Michihiro Yasunaga', 'Minjoon Seo', 'Richard James', 'Mike Lewis', 'Luke Zettlemoyer', 'Wen-tau Yih']	Long 13/4.5/.5 (18)	Oral 	In Person	Yes	Virtual	DONE: moved to Gather	GT TBD	Conf Session D - 06/17 - 16 - 17:30	VGT - TBD	Complete				
Session D	2024-06-17	16:00	Alberto 3 (Cap. 200)	Main Conference	Information Retrieval and Text Mining	4	426	MDR: Model-Specific Demonstration Retrieval at Inference Time for In-Context Learning	['Weijia Shi', 'Sewon Min', 'Michihiro Yasunaga', 'Minjoon Seo', 'Richard James', 'Mike Lewis', 'Luke Zettlemoyer', 'Wen-tau Yih']	Long 13/4.5/.5 (18)	Oral 	In Person	Yes	In Person 	DONE	Oral D3	Session E - 06/18 - 9-10:30 	Conf Session D - 06/17 - 16 - 17:30	Complete				
Session D	2024-06-17	16:00	Alberto 3 (Cap. 200)	Main Conference	Information Retrieval and Text Mining	5	399	Beyond Yes and No: Improving Zero-Shot LLM Rankers via Scoring Fine-Grained Relevance Labels	['Honglei Zhuang', 'Zhen Qin', 'Kai Hui', 'Junru Wu', 'Le Yan', 'Xuanhui Wang', 'Michael Bendersky']	Long 13/4.5/.5 (18)	Oral 	In Person	Yes	In Person 	DONE	Oral D3	Session E - 06/18 - 9-10:30 	Conf Session D - 06/17 - 16 - 17:30	Complete				
Session D	2024-06-17	16:00	Alberto 4 (Cap. 400)	Main Conference	Efficient/Low-Resource Methods for NLP	1	33	ARES: An Automated Evaluation Framework for Retrieval-Augmented Generation Systems	['Jon Saad-Falcon', 'Omar Khattab', 'Christopher Potts', 'Matei Zaharia']	Long 13/4.5/.5 (18)	Oral 	In Person	Yes	In Person 		Orals D4				Yufang Hou	bnuxiaofang@gmail.com		
Session D	2024-06-17	16:00	Alberto 4 (Cap. 400)	Main Conference	Efficient/Low-Resource Methods for NLP	2	244	ContrastiveMix: Overcoming Code-Mixing Dilemma in Cross-Lingual Transfer for Information Retrieval	['Junggeun Do', 'Jaeseong Lee', 'seung-won hwang']	Long 13/4.5/.5 (18)	Oral 	In Person	Yes	In Person 		Orals D4							
Session D	2024-06-17	16:00	Alberto 4 (Cap. 400)	Main Conference	Efficient/Low-Resource Methods for NLP	3	295	LoRETTA: Low-Rank Economic Tensor-Train Adaptation for Ultra-Low-Parameter Fine-Tuning of Large Language Models	['Yifan Yang', 'Jiajun Zhou', 'Ngai Wong', 'Zheng Zhang']	Long 13/4.5/.5 (18)	Oral 	In Person	Yes	In Person 		Orals D4							
Session D	2024-06-17	16:00	Alberto 4 (Cap. 400)	Main Conference	Efficient/Low-Resource Methods for NLP	4	805	Leveraging the Structure of Pre-trained Embeddings to Minimize Annotation Effort	['Cesar Gonzalez-Gutierrez', 'Ariadna Quattoni']	Long 13/4.5/.5 (18)	Oral 	In Person	Yes	In Person 		Orals D4							
Session D	2024-06-17	16:00	Alberto 4 (Cap. 400)	Main Conference	Efficient/Low-Resource Methods for NLP	5	242	Efficient Benchmarking (of Language Models)	['Yotam Perlitz', 'Elron Bandel', 'Ariel Gera', 'Ofir Arviv', 'Liat Ein-Dor', 'Eyal Shnarch', 'Noam Slonim', 'Michal Shmueli-Scheuer', 'Leshem Choshen']	Long 13/4.5/.5 (18)	Oral 	In Person	Yes	In Person 	DONE	Orals D4	Session E - 06/18 - 9-10:30 	Conf Session D - 06/17 - 16 - 17:30	Complete				
Session D	2024-06-17	16:00	Adelita (Cap. 120)	Industry	Industry 1	1	2 IND	HPipe: Large Language Model Pipeline Parallelism for Long Context on Heterogeneous Cost-effective Devices	Ruilong Ma, Xiang Yang, Jingyu Wang, Qi Qi, Haifeng Sun, Jing Wang, Zirui Zhuang, Jianxin Liao	Long 13/4.5/.5 (18)	Oral 	In Person	#N/A	#N/A	industry papers are allowed to present in ZOOM	#N/A	#N/A	#N/A	#N/A				
Session D	2024-06-17	16:00	Adelita (Cap. 120)	Industry	Industry 1	2	99 IND	Search Query Refinement for Japanese Named Entity Recognition in E-commerce Domain	Yuki Nakayama, Ryutaro Tatsushima, Erick Mendieta, Koji Murakami, Keiji Shinzato	Long 13/4.5/.5 (18)	Oral 	Virtual	Yes	In Person 		Orals D5							
Session D	2024-06-17	16:00	Adelita (Cap. 120)	Industry	Industry 1	3	15 IND	UINav: A Practical Approach to Train On-Device Automation Agents	Wei Li, Fu-Lin Hsu, Will Bishop, Folawiyo Campbell-Ajala, Max Lin, Oriana Riva	Long 13/4.5/.5 (18)	Oral 	In Person	Yes	In Person		Orals D5							
Session D	2024-06-17	16:00	Adelita (Cap. 120)	Industry	Industry 1	4	16 IND	Efficiently Distilling LLMs for Edge Applications	Achintya Kundu, Yu Chin Fabian Lim, Aaron Chew, Laura Wynter, Penny Chong, Rhui Dih Lee	Long 13/4.5/.5 (18)	Oral 	Virtual	Yes	Virtual 	industry papers are allowed to present in ZOOM	Orals D5							
Session D	2024-06-17	16:00	Adelita (Cap. 120)	Industry	Industry 1	5	43 IND	Conformer-Based Speech Recognition On Extreme Edge-Computing Devices	Mingbin Xu, Alex Jin, Sicheng Wang, Mu Su, Tim Ng, Henry Mason, Shiyi Han, Zhihong Lei, Yaqiao Deng, Zhen Huang, Mahesh Krishnamoorthy	Long 13/4.5/.5 (18)	Oral 	TBD	Yes	Virtual		Orals D5	Conf Session D - 06/17 - 16 - 17:30	Conf Session D - 06/17 - 16 - 17:30	Complete				
Session E	2024-06-18	9:00	Alberto 1 (Cap. 400)	Main Conference	Linguistic theories, Cognitive Modeling and Psycholinguistics	1	132	Visual Grounding Helps Learn Word Meanings in Low-Data Regimes	['Chengxu Zhuang', 'Evelina Fedorenko', 'Jacob Andreas']	Long 13/4.5/.5 (18)	Oral 	In Person	Yes	In Person 		Orals E1				Nikhil Krishnaswamy	nkrishna@colostate.edu		
Session E	2024-06-18	9:00	Alberto 1 (Cap. 400)	Main Conference	Linguistic theories, Cognitive Modeling and Psycholinguistics	2	347	Analyzing the Use of Metaphors in News Editorials for Political Framing	['Meghdut Sengupta', 'Roxanne El Baff', 'Milad Alshomary', 'Henning Wachsmuth']	Long 13/4.5/.5 (18)	Oral 	In Person	Yes	In Person 		Orals E1							
Session E	2024-06-18	9:00	Alberto 1 (Cap. 400)	Main Conference	Linguistic theories, Cognitive Modeling and Psycholinguistics	3	431	Generalizable Sarcasm Detection is Just Around the Corner, of Course!	['Hyewon Jang', 'Diego Frassinelli']	Long 13/4.5/.5 (18)	Oral 	In Person	Yes	In Person 		Orals E1							
Session E	2024-06-18	9:00	Alberto 1 (Cap. 400)	Main Conference	Linguistic theories, Cognitive Modeling and Psycholinguistics	4	924	Verifying Claims About Metaphors with Large-Scale Automatic Metaphor Identification	['Kotaro Aono', 'Ryohei Sasano', 'Koichi Takeda']	Long 13/4.5/.5 (18)	Oral 	In Person	Yes	In Person 		Orals E1							
Session E	2024-06-18	9:00	Alberto 1 (Cap. 400)	Main Conference	Linguistic theories, Cognitive Modeling and Psycholinguistics	5	1044	A Systematic Comparison of Syllogistic Reasoning in Humans and Language Models	['Tiwalayo Eisape', 'Michael Henry Tessler', 'Ishita Dasgupta', 'Fei Sha', 'Sjoerd van Steenkiste', 'Tal Linzen']	Long 13/4.5/.5 (18)	Oral 	In Person	Yes	In Person 		Orals E1							
Session E	2024-06-18	9:00	Alberto 2 (Cap. 200)	Main Conference	Computational Social Science and Cultural Analytics	1	22	Building Knowledge-Guided Lexica to Model Cultural Variation	['Shreya Havaldar', 'Salvatore Giorgi', 'Sunny Rai', 'Thomas Talhelm', 'Sharath Chandra Guntuku', 'Lyle Ungar']	Long 13/4.5/.5 (18)	Oral 	In Person	Yes	In Person 		Orals E2				Sunny Rai	sunnyrai@seas.upenn.edu		
Session E	2024-06-18	9:00	Alberto 2 (Cap. 200)	Main Conference	Computational Social Science and Cultural Analytics	2	292	Modeling Empathetic Alignment in Conversation	['Jiamin Yang', 'David Jurgens']	Long 13/4.5/.5 (18)	Oral 	In Person	Yes	In Person 		Orals E2							
Session E	2024-06-18	9:00	Alberto 2 (Cap. 200)	Main Conference	Computational Social Science and Cultural Analytics	3	382	This Land is {Your, My} Land: Evaluating Geopolitical Bias in Language Models through Territorial Disputes	['Bryan Li', 'Samar Haider', 'Chris Callison-Burch']	Long 13/4.5/.5 (18)	Oral 	In Person	Yes	In Person 		Orals E2							
Session E	2024-06-18	9:00	Alberto 2 (Cap. 200)	Main Conference	Computational Social Science and Cultural Analytics	4	567	You don't need a personality test to know these models are unreliable: Assessing the Reliability of Large Language Models on Psychometric Instruments	['Bangzhao Shu', 'Lechen Zhang', 'Minje Choi', 'Lavinia Dunagan', 'Lajanugen Logeswaran', 'Moontae Lee', 'Dallas Card', 'David Jurgens']	Long 13/4.5/.5 (18)	Oral 	In Person	Yes	In Person 		Orals E2							
Session E	2024-06-18	9:00	Alberto 2 (Cap. 200)	Main Conference	Computational Social Science and Cultural Analytics	5	1084	Large Human Language Models: A Need and the Challenges	['Nikita Soni', 'H. Schwartz', 'João Sedoc', 'Niranjan Balasubramanian']	Long 13/4.5/.5 (18)	Oral 	In Person	Yes	In Person 		Orals E2							
Session E	2024-06-18	9:00	Alberto 3 (Cap. 200)	Main Conference	Sentiment Analysis, Stylistic Analysis, and Argument Mining	1	337	My Heart Skipped a Beat! Recognizing Expressions of Embodied Emotion in Natural Language	['Yuan Zhuang', 'Tianyu Jiang', 'Ellen Riloff']	Long 13/4.5/.5 (18)	Oral 	In Person	Yes	In Person 		Orals E3				Delia Irazú Hernández Farías	dirazuhf@inaoep.mx		
Session E	2024-06-18	9:00	Alberto 3 (Cap. 200)	Main Conference	Sentiment Analysis, Stylistic Analysis, and Argument Mining	2	341	Multimodal Multi-loss Fusion Network for Sentiment Analysis	['zehui wu', 'Ziwei Gong', 'Jaywon Koo', 'Julia Hirschberg']	Long 13/4.5/.5 (18)	Oral 	In Person	Yes	In Person 		Orals E3							
Session E	2024-06-18	9:00	Alberto 3 (Cap. 200)	Main Conference	Sentiment Analysis, Stylistic Analysis, and Argument Mining	3	9	TelME: Teacher-leading Multimodal Fusion Network for Emotion Recognition in Conversation	['Taeyang Yun', 'Hyunkuk Lim', 'Jeonghwan Lee', 'Min Song']	Long 13/4.5/.5 (18)	Oral 	In Person	Yes	In Person 	DONE	Orals E3	Session E - 06/18 - 9-10:30 	Session E - 06/18 - 9-10:30 	Complete				Poster
Session E	2024-06-18	9:00	Alberto 3 (Cap. 200)	Main Conference	Sentiment Analysis, Stylistic Analysis, and Argument Mining	4	935	InstructABSA: Instruction Learning for Aspect Based Sentiment Analysis	['Kevin Scaria', 'Himanshu Gupta', 'Siddharth Goyal', 'Saurabh Arjun Sawant', 'Swaroop Mishra', 'Chitta Baral']	Long 13/4.5/.5 (18)	Oral 	In Person	Yes	In Person 		Orals E3							
Session E	2024-06-18	9:00	Alberto 3 (Cap. 200)	Main Conference	Sentiment Analysis, Stylistic Analysis, and Argument Mining	5	1010	Enhancing Argument Summarization: Prioritizing Exhaustiveness in Key Point Generation and Introducing an Automatic Coverage Evaluation Metric	['Mohammad Khosravani', 'Chenyang Huang', 'Amine Trabelsi']	Long 13/4.5/.5 (18)	Oral 	In Person	Yes	In Person 		Orals E3							
Session E	2024-06-18	9:00	Alberto 4 (Cap. 400)	Main Conference	Machine Learning for NLP	1	186	zrLLM: Zero-Shot Relational Learning on Temporal Knowledge Graphs with Large Language Models	['Zifeng Ding', 'Heling Cai', 'Jingpei Wu', 'Yunpu Ma', 'Ruotong Liao', 'Bo Xiong', 'Volker Tresp']	Long 13/4.5/.5 (18)	Oral 	In Person	Yes	In Person 		Orals E4				Junjie Hu	junjie.hu@wisc.edu		
Session E	2024-06-18	9:00	Alberto 4 (Cap. 400)	Main Conference	Machine Learning for NLP	2	298	PromptFix: Few-shot Backdoor Removal via Adversarial Prompt Tuning	['Tianrong Zhang', 'Zhaohan Xi', 'Ting Wang', 'Prasenjit Mitra', 'Jinghui Chen']	Long 13/4.5/.5 (18)	Oral 	In Person	Yes	In Person 		Orals E4							
Session E	2024-06-18	9:00	Alberto 4 (Cap. 400)	Main Conference	Machine Learning for NLP	3	669	The ART of LLM Refinement: Ask, Refine, and Trust	['Kumar Shridhar', 'Koustuv Sinha', 'Andrew Cohen', 'Tianlu Wang', 'Ping Yu', 'Ramakanth Pasunuru', 'Mrinmaya Sachan', 'Jason E Weston', 'Asli Celikyilmaz']	Long 13/4.5/.5 (18)	Oral 	In Person	Yes	In Person 		Orals E4							
Session E	2024-06-18	9:00	Alberto 4 (Cap. 400)	Main Conference	Machine Learning for NLP	4	973	SemRoDe: Macro Adversarial Training to Learn Representations that are Robust to Word-Level Attacks	['Brian Formento', 'Wenjie Feng', 'Chuan-Sheng Foo', 'Anh Tuan Luu', 'See-Kiong Ng']	Long 13/4.5/.5 (18)	Oral 	In Person	Yes	In Person 		Orals E4							
Session E	2024-06-18	9:00	Alberto 4 (Cap. 400)	Main Conference	Machine Learning for NLP	5	1012	ARM: Alignment with Residual Energy-Based Model	['Bo Pang', 'Caiming Xiong', 'Yingbo Zhou']	Long 13/4.5/.5 (18)	Oral 	In Person	Yes	In Person 		Orals E4							
Session E	2024-06-18	9:00	Adelita (Cap. 120)	Industry	Industry 2	1	26 IND	Modeling and Detecting Company Risks from News	Jiaxin Pei, Soumya Vadlamannati, Liang-Kang Huang, Daniel Preotiuc-Pietro, Xinyu Hua	Long 13/4.5/.5 (18)	Oral 	In Person	Yes	In person		Orals E5				Anoop Kumar	anoop.kumar@capitalone.com		
Session E	2024-06-18	9:00	Adelita (Cap. 120)	Industry	Industry 2	2	27 IND	Multiple-Question Multiple-Answer Text-VQA	Peng Tang, Srikar Appalaraju, R. Manmatha, Yusheng Xie, Vijay Mahadevan	Long 13/4.5/.5 (18)	Oral 	Virtual	Yes	Virtual	industry papers are allowed to present in ZOOM	Orals E5							
Session E	2024-06-18	9:00	Adelita (Cap. 120)	Industry	Industry 2	3	44 IND	Generating Signed Language Instructions in Large-Scale Dialogue Systems	Mert Inan, Katherine Atwell, Anthony Sicilia, Lorna Quandt, Malihe Alikhani	Long 13/4.5/.5 (18)	Oral 	In Person	Yes	In Person		Orals E5							
Session E	2024-06-18	9:00	Adelita (Cap. 120)	Industry	Industry 2	4	34 IND	An NLP-Focused Pilot Training Agent for Safe and Efficient Aviation Communication	Xiaochen Liu, Bowei Zou, AiTi Aw 	Long 13/4.5/.5 (18)	Oral 	Virtual	Yes	Virtual	industry papers are allowed to present in ZOOM	Orals E5							
Session E	2024-06-18	9:00	Adelita (Cap. 120)	Industry	Industry 2	5	62 IND	Reducing hallucination in structured outputs via Retrieval-Augmented Generation	Orlando Marquez Ayala, Patrice Bechard	Long 13/4.5/.5 (18)	Oral 	In Person	Yes	In Person		Orals E5							
Session I	2024-06-19	9:00	Alberto 1 (Cap. 400)	Main Conference	Resources and Evaluation 1	1	88	Assessing Factual Reliability of Large Language Model Knowledge	['Weixuan Wang', 'Barry Haddow', 'Alexandra Birch', 'Wei Peng']	Long 13/4.5/.5 (18)	Oral 	In Person	Yes	In Person 		Orals I1				Aparna Elangovan	aparnae@student.unimelb.edu.au		
Session I	2024-06-19	9:00	Alberto 1 (Cap. 400)	Main Conference	Resources and Evaluation 1	2	167	Toward Informal Language Processing: Knowledge of Slang in Large Language Models	['Zhewei Sun', 'Qian Hu', 'Rahul Gupta', 'Richard Zemel', 'Yang Xu']	Long 13/4.5/.5 (18)	Oral 	In Person	Yes	In Person 		Orals I1							
Session I	2024-06-19	9:00	Alberto 1 (Cap. 400)	Main Conference	Resources and Evaluation 1	3	183	Reasoning or Reciting? Exploring the Capabilities and Limitations of Language Models Through Counterfactual Tasks	['Zhaofeng Wu', 'Linlu Qiu', 'Alexis Ross', 'Ekin Akyürek', 'Boyuan Chen', 'Bailin Wang', 'Najoung Kim', 'Jacob Andreas', 'Yoon Kim']	Long 13/4.5/.5 (18)	Oral 	In Person	Yes	In Person 		Orals I1							
Session I	2024-06-19	9:00	Alberto 1 (Cap. 400)	Main Conference	Resources and Evaluation 1	4	285	ExpertQA: Expert-Curated Questions and Attributed Answers	['Chaitanya Malaviya', 'Subin Lee', 'Sihao Chen', 'Elizabeth Sieber', 'Mark Yatskar', 'Dan Roth']	Long 13/4.5/.5 (18)	Oral 	In Person	Yes	In Person 		Orals I1							
Session I	2024-06-19	9:00	Alberto 1 (Cap. 400)	Main Conference	Resources and Evaluation 1	5	799	Reliability Estimation of News Media Sources: Birds of a Feather Flock Together		Long 13/4.5/.5 (18)	Oral 	In Person	Yes	In Person 		Oral I1							
Session I	2024-06-19	9:00	Alberto 2 (Cap. 200)	Main Conference	Multimodality and Language Grounding to Vision, Robotics and Beyond	1	393	ALOHa: A New Measure for Hallucination in Captioning Models	['Suzanne Petryk', 'David Chan', 'Anish Kachinthaya', 'Haodi Zou', 'John Canny', 'Joseph E. Gonzalez', 'Trevor Darrell']	Long 13/4.5/.5 (18)	Oral 	In Person	Yes	In Person 		Orals I2				Parisa Kordjamshidi	kordjams@msu.edu		
Session I	2024-06-19	9:00	Alberto 2 (Cap. 200)	Main Conference	Multimodality and Language Grounding to Vision, Robotics and Beyond	2	588	Lost in Space: Probing Fine-grained Spatial Understanding in Vision and Language Resamplers	['Georgios Pantazopoulos', 'Alessandro Suglia', 'Oliver Lemon', 'Arash Eshghi']	Long 13/4.5/.5 (18)	Oral 	In Person	Yes	In Person 		Orals I2							
Session I	2024-06-19	9:00	Alberto 2 (Cap. 200)	Main Conference	Multimodality and Language Grounding to Vision, Robotics and Beyond	3	625	Sequential Compositional Generalization in Multimodal Models	['Semih Yagcioglu', 'Osman Batur İnce', 'Aykut Erdem', 'Erkut Erdem', 'Desmond Elliott', 'Deniz Yuret']	Long 13/4.5/.5 (18)	Oral 	In Person	Yes	In Person 		Orals I2							
Session I	2024-06-19	9:00	Alberto 2 (Cap. 200)	Main Conference	Multimodality and Language Grounding to Vision, Robotics and Beyond	4	966	What Matters in Training a GPT4-Style Language Model with Multimodal Inputs?	['Yan Zeng', 'Hanbo Zhang', 'Jiani zheng', 'Jiangnan Xia', 'Guoqiang Wei', 'Yang Wei', 'Yuchen Zhang', 'Tao Kong', 'Ruihua Song']	Long 13/4.5/.5 (18)	Oral 	In Person	Yes	Virtual 	DONE: MOved to virtual	GT 20:00 - 22:00	Session I - 06/19 - 09-10:30	VGT 2 = 6/13 20:00 - 22:00	Complete				
Session I	2024-06-19	9:00	Alberto 2 (Cap. 200)	Main Conference	Multimodality and Language Grounding to Vision, Robotics and Beyond	4	1018	Mustango: Toward Controllable Text-to-Music Generation	['Jan Melechovsky', 'Zixun Guo', 'Deepanway Ghosal', 'Navonil Majumder', 'Dorien Herremans', 'Soujanya Poria']	Long 13/4.5/.5 (18)	Oral 	In Person	Yes	In Person 		Orals I2							
Session I	2024-06-19	9:00	Alberto 2 (Cap. 200)	Main Conference		5	159	JAMDEC: Unsupervised Authorship Obfuscation using Constrained Decoding over Small Language Models	['Jillian Fisher', 'Ximing Lu', 'Jaehun Jung', 'Liwei Jiang', 'Zaid Harchaoui', 'Yejin Choi']	Long 13/4.5/.5 (18)	Oral 	In Person	Yes	In Person 	Moved from B to I	ORAL I2	Conf Session B - 06/17 - 11:-12:30	Session I - 06/19 - 09-10:30					
Session I	2024-06-19	9:00	Alberto 3 (Cap. 200)	Main Conference	NLP Applications 1	1	106	mEdIT: Multilingual Text Editing via Instruction Tuning	['Vipul Raheja', 'Dimitris Alikaniotis', 'Vivek Kulkarni', 'Bashar Alhafni', 'Dhruv Kumar']	Long 13/4.5/.5 (18)	Oral 	In Person	Yes	In Person 	DONE	Orals I3	Conf Session B - 06/17 - 11:-12:30	Session I - 06/19 - 09-10:30	Complete	Karan Sikka	karan.sikka@sri.com		
Session I	2024-06-19	9:00	Alberto 3 (Cap. 200)	Main Conference	NLP Applications 1	2	235	How Well Do Large Language Models Truly Ground?	['Hyunji Lee', 'Se June Joo', 'Chaeeun Kim', 'Joel Jang', 'Doyoung Kim', 'Kyoung-Woon On', 'Minjoon Seo']	Long 13/4.5/.5 (18)	Oral 	In Person	Yes	In Person 		Orals I3							
Session I	2024-06-19	9:00	Alberto 3 (Cap. 200)	Main Conference	NLP Applications 1	3	407	Advancing Beyond Identification: Multi-bit Watermark for Large Language Models	['KiYoon Yoo', 'Wonhyuk Ahn', 'Nojun Kwak']	Long 13/4.5/.5 (18)	Oral 	In Person	Yes	In Person 		Orals I3							
Session I	2024-06-19	9:00	Alberto 3 (Cap. 200)	Main Conference	NLP Applications 1	4	527	Multi-stage Retrieve and Re-rank Model for Automatic Medical Coding Recommendation	['Xindi Wang', 'Robert Mercer', 'Frank Rudzicz']	Long 13/4.5/.5 (18)	Oral 	In Person	Yes	In Person 		Orals I3							
Session I	2024-06-19	9:00	Alberto 3 (Cap. 200)	Main Conference	NLP Applications 1	5	645	Code Models are Zero-shot Precondition Reasoners	['Lajanugen Logeswaran', 'Sungryull Sohn', 'Yiwei Lyu', 'Anthony Zhe Liu', 'Dong-Ki Kim', 'Dongsub Shim', 'Moontae Lee', 'Honglak Lee']	Long 13/4.5/.5 (18)	Oral 	In Person	Yes	In Person 		Orals I3							
Session I	2024-06-19	9:00	Alberto 4 (Cap. 400)	Main Conference	Interpretability and Analysis of Models for NLP 1	1	21	Revisiting Zero-Shot Abstractive Summarization in the Era of Large Language Models from the Perspective of Position Bias	['Anshuman Chhabra', 'Hadi Askari', 'Prasant Mohapatra']	Long 13/4.5/.5 (18)	Oral 	In Person	Yes	In Person 		Orals I4				Zhixue Zhao	zhixue.zhao@sheffield.ac.uk		
Session I	2024-06-19	9:00	Alberto 4 (Cap. 400)	Main Conference	Interpretability and Analysis of Models for NLP 1	2	156	Identifying Linear Relational Concepts in Large Language Models	['David Chanin', 'Anthony Hunter', 'Oana-Maria Camburu']	Long 13/4.5/.5 (18)	Oral 	In Person	Yes	In Person 		Orals I4							
Session I	2024-06-19	9:00	Alberto 4 (Cap. 400)	Main Conference	Interpretability and Analysis of Models for NLP 1	3	202	QualEval: Qualitative Evaluation for Model Improvement	['Vishvak Murahari', 'Ameet Deshpande', 'Peter Clark', 'Tanmay Rajpurohit', 'Ashish Sabharwal', 'Karthik R Narasimhan', 'Ashwin Kalyan']	Long 13/4.5/.5 (18)	Oral 	In Person	Yes	In Person 		Orals I4							
Session I	2024-06-19	9:00	Alberto 4 (Cap. 400)	Main Conference	Interpretability and Analysis of Models for NLP 1	4	221	Principles from Clinical Research for NLP Model Generalization	['Aparna Elangovan', 'Jiayuan He', 'Yuan Li', 'Karin Verspoor']	Long 13/4.5/.5 (18)	Oral 	In Person	Yes	In Person 		Orals I4							
Session I	2024-06-19	9:00	Alberto 4 (Cap. 400)	Main Conference	Interpretability and Analysis of Models for NLP 1	5	225	From Language Modeling to Instruction Following: Understanding the Behavior Shift in LLMs after Instruction Tuning	['Xuansheng Wu', 'Wenlin Yao', 'Jianshu Chen', 'Xiaoman Pan', 'Xiaoyang Wang', 'Ninghao Liu', 'Dong Yu']	Long 13/4.5/.5 (18)	Oral 	In Person	Yes	In Person 		Orals I4							
Session I	2024-06-19	9:00	Adelita (Cap. 120)	Industry	Industry 3	1	65 IND	Leveraging Customer Feedback for Multi-modal Insight Extraction	Sandeep Sricharan Mukku, Abinesh Kanagarajan, Pushpendu Ghosh, Chetan Aggarwal	Long 13/4.5/.5 (18)	Oral 	In Person	Yes	In Person 		Orals I5				Chenyang Zhu	zhu.chenyang@columbia.edu		
Session I	2024-06-19	9:00	Adelita (Cap. 120)	Industry	Industry 3	2	52 IND	An Automatic Prompt Generation System for Tabular Data Tasks	Ashlesha Akella, Abhijit Manatkar, Brijkumar Chavda, Hima Patel	Long 13/4.5/.5 (18)	Oral 	Virtual		In person	industry papers are allowed to present in ZOOM	Orals I5							
Session I	2024-06-19	9:00	Adelita (Cap. 120)	Industry	Industry 3	3	66 IND	Optimizing LLM Based Retrieval Augmented Generation Pipelines in the Financial Domain	Yiyun Zhao, Prateek Singh, Hanoz Bhathena, Bernardo Ramos, Aviral Joshi, Swaroop Gadiyaram, Saket Sharma	Long 13/4.5/.5 (18)	Oral 	In Person	Yes	In Person 		Orals I5							
Session I	2024-06-19	9:00	Adelita (Cap. 120)	Industry	Industry 3	4	74 IND	Less is More for Improving Automatic Evaluation of Factual Consistency	Yiyun Zhao, Prateek Singh, Hanoz Bhathena, Bernardo Ramos, Aviral Joshi, Swaroop Gadiyaram, Saket Sharma	Long 13/4.5/.5 (18)	Oral 	Virtual	Yes	Virtual	industry papers are allowed to present in ZOOM	Orals I5							
Session I	2024-06-19	9:00	Adelita (Cap. 120)	Industry	Industry 3	5	94 IND	Tree-of-Question: Structured Retrieval Framework for Korean Question Answering Systems	Dongyub Lee, Younghun Jeong, Hwa-Yeon Kim, Hongyeon Yu, Seunghyun Han, Taesun Whang, Seungwoo Cho, Chanhee Lee, Gunsu Lee, Youngbum Kim	Long 13/4.5/.5 (18)	Oral 	TBD		In Person	industry papers are allowed to present in ZOOM	Orals J5							
Session J	2024-06-19	11:00	Alberto 1 (Cap. 400)	Main Conference	Resources and Evaluation 2	1	514	MAFALDA: A Benchmark and Comprehensive Study of Fallacy Detection and Classification	['Chadi Helwe', 'Tom Calamai', 'Pierre-Henri Paris', 'Chloé Clavel', 'Fabian M. Suchanek']	Long 13/4.5/.5 (18)	Oral 	In Person	Yes	In Person 		Orals J1				Venelin Kovatchev	v.o.kovatchev@bham.ac.uk		
Session J	2024-06-19	11:00	Alberto 1 (Cap. 400)	Main Conference	Resources and Evaluation 2	2	616	Retrieval Helps or Hurts? A Deeper Dive into the Efficacy of Retrieval Augmentation to Language Models	['Seiji Maekawa', 'Hayate Iso', 'Sairam Gurajada', 'Nikita Bhutani']	Long 13/4.5/.5 (18)	Oral 	In Person	Yes	In Person 		Orals J1							
Session J	2024-06-19	11:00	Alberto 1 (Cap. 400)	Main Conference	Resources and Evaluation 2	3	688	Lost in Translation? Translation Errors and Challenges for Fair Assessment of Text-to-Image Models on Multilingual Concepts	['Michael Saxon', 'Yiran Lawrence Luo', 'Sharon Levy', 'Chitta Baral', 'Yezhou Yang', 'William Yang Wang']	Long 13/4.5/.5 (18)	Oral 	In Person	Yes	In Person 		Orals J1							
Session J	2024-06-19	11:00	Alberto 1 (Cap. 400)	Main Conference	Resources and Evaluation 2	4	888	LifeTox: Unveiling Implicit Toxicity in Life Advice	['Minbeom Kim', 'Jahyun Koo', 'Hwanhee Lee', 'Joonsuk Park', 'Hwaran Lee', 'Kyomin Jung']	Long 13/4.5/.5 (18)	Oral 	In Person	Yes	In Person 		Orals J1							
Session J	2024-06-19	11:00	Alberto 1 (Cap. 400)	Main Conference	Resources and Evaluation 2	5	917	Safer-Instruct: Aligning Language Models with Automated Preference Data	['Taiwei Shi', 'Kai Chen', 'Jieyu Zhao']	Long 13/4.5/.5 (18)	Oral 	In Person	Yes	In Person 		Orals J1							
Session J	2024-06-19	11:00	Alberto 2 (Cap. 200)	Main Conference	Speech recognition, text-to-speech and spoken language understanding	1	262	UniverSLU: Universal Spoken Language Understanding for Diverse Tasks with Natural Language Instructions	['Siddhant Arora', 'Hayato Futami', 'Jee-weon Jung', 'Yifan Peng', 'Roshan Sharma', 'Yosuke Kashiwagi', 'Emiru Tsunoo', 'Karen Livescu', 'Shinji Watanabe']	Long 13/4.5/.5 (18)	Oral 	In Person	Yes	In Person 		Orals J2				Hyunsoo Cho	chohyunsoo@ewha.ac.kr		
Session J	2024-06-19	11:00	Alberto 2 (Cap. 200)	Main Conference	Speech recognition, text-to-speech and spoken language understanding	2	434	Encoding of lexical tone in self-supervised models of spoken language	['Gaofei Shen', 'Michaela Watkins', 'Afra Alishahi', 'Arianna Bisazza', 'Grzegorz Chrupała']	Long 13/4.5/.5 (18)	Oral 	In Person	Yes	In Person 		Orals J2							
Session J	2024-06-19	11:00	Alberto 2 (Cap. 200)	Main Conference	Speech recognition, text-to-speech and spoken language understanding	3	513	Lost in Transcription: Identifying and Quantifying the Accuracy Biases of Automatic Speech Recognition Systems Against Disfluent Speech	['Dena Mujtaba', 'Nihar R. Mahapatra', 'Megan Arney', 'J Scott Yaruss', 'Hope Gerlach-Houck', 'Caryn Herring', 'Jia Bin']	Long 13/4.5/.5 (18)	Oral 	In Person	Yes	In Person 		Orals J2							
Session J	2024-06-19	11:00	Alberto 2 (Cap. 200)	Main Conference	Speech recognition, text-to-speech and spoken language understanding	4	646	Contrastive and Consistency Learning for Neural Noisy-Channel Model in Spoken Language Understanding	['Suyoung Kim', 'Jiyeon Hwang', 'Ho-Young Jung']	Long 13/4.5/.5 (18)	Oral 	In Person	Yes	In Person 		Orals J2							
Session J	2024-06-19	11:00	Alberto 2 (Cap. 200)	Main Conference	Speech recognition, text-to-speech and spoken language understanding	5	274	Measuring Entrainment in Spontaneous Code-switched Speech		Long 13/4.5/.5 (18)	Oral 	In Person	Yes	In Person 	DONE	Orals J2	Session E - 06/18 - 9-10:30 	Session J - 6/19 - 11-12:30	Complete				
Session J	2024-06-19	11:00	Alberto 3 (Cap. 200)	Main Conference	NLP Applications 2	1	696	TableLlama: Towards Open Large Generalist Models for Tables	['TIANSHU ZHANG', 'Xiang Yue', 'Yifei Li', 'Huan Sun']	Long 13/4.5/.5 (18)	Oral 	In Person	Yes	In Person 		Orals J3				Shane Moon	shanemoon@meta.com		
Session J	2024-06-19	11:00	Alberto 3 (Cap. 200)	Main Conference	NLP Applications 2	2	774	The Integration of Semantic and Structural Knowledge in Knowledge Graph Entity Typing	['Muzhi Li', 'Minda Hu', 'Irwin King', 'Ho-fung Leung']	Long 13/4.5/.5 (18)	Oral 	In Person	Yes	In Person 		Orals J3							
Session J	2024-06-19	11:00	Alberto 3 (Cap. 200)	Main Conference	NLP Applications 2	3	825	R-Tuning: Instructing Large Language Models to Say `I Don't Know'	['Hanning Zhang', 'Shizhe Diao', 'Yong Lin', 'Yi Fung', 'Qing LIAN', 'Xingyao Wang', 'Yangyi Chen', 'Heng Ji', 'Tong Zhang']	Long 13/4.5/.5 (18)	Oral 	In Person	Yes	In Person 		Orals J3							
Session J	2024-06-19	11:00	Alberto 3 (Cap. 200)	Main Conference	NLP Applications 2	4	863	Parameter-Efficient Instruction Tuning of Large Language Models For Extreme Financial Numeral Labelling	['Subhendu Khatuya', 'Rajdeep Mukherjee', 'Akash Ghosh', 'Manjunath Hegde', 'Koustuv Dasgupta', 'Niloy Ganguly', 'Saptarshi Ghosh', 'Pawan Goyal']	Long 13/4.5/.5 (18)	Oral 	In Person	Yes	In Person 		Orals J3							
Session J	2024-06-19	11:00	Alberto 3 (Cap. 200)	Main Conference	NLP Applications 2	5	1065	To Tell The Truth: Language of Deception and Language Models	['Sanchaita Hazra', 'Bodhisattwa Prasad Majumder']	Long 13/4.5/.5 (18)	Oral 	In Person	Yes	In Person 		Orals J3							
Session J	2024-06-19	11:00	Alberto 4 (Cap. 400)	Main Conference	Interpretability and Analysis of Models for NLP 2	1	297	Do Localization Methods Actually Localize Memorized Data in LLMs? A Tale of Two Benchmarks	['Ting-Yun Chang', 'Jesse Thomason', 'Robin Jia']	Long 13/4.5/.5 (18)	Oral 	In Person	Yes	In Person 		Orals J4				Faeze Brahman	faezeb@allenai.org		
Session J	2024-06-19	11:00	Alberto 4 (Cap. 400)	Main Conference	Interpretability and Analysis of Models for NLP 2	2	299	Comparing Explanation Faithfulness between Multilingual and Monolingual Fine-tuned Language Models	['ZHIXUE ZHAO', 'Nikolaos Aletras']	Long 13/4.5/.5 (18)	Oral 	In Person	Yes	In Person 		Orals J4							
Session J	2024-06-19	11:00	Alberto 4 (Cap. 400)	Main Conference	Interpretability and Analysis of Models for NLP 2	3	365	Long-form evaluation of model editing	['Domenic Rosati', 'Robie Gonzales', 'Jinkun Chen', 'Xuemin Yu', 'Yahya Kayani', 'Frank Rudzicz', 'Hassan Sajjad']	Long 13/4.5/.5 (18)	Oral 	In Person	Yes	In Person 		Orals J4							
Session J	2024-06-19	11:00	Alberto 4 (Cap. 400)	Main Conference	Interpretability and Analysis of Models for NLP 2	4	749	The Impact of Language on Arithmetic Proficiency: A Multilingual Investigation with Cross-Agent Checking Computation	['Chung-Chi Chen', 'Hiroya Takamura', 'Ichiro Kobayashi', 'Yusuke Miyao']	Long 13/4.5/.5 (18)	Oral 	In Person	Yes	In Person 		Orals J4							
Session J	2024-06-19	11:00	Alberto 4 (Cap. 400)	Main Conference	Interpretability and Analysis of Models for NLP 2	5	944	Multilingual Nonce Dependency Treebanks: Understanding how Language Models Represent and Process Syntactic Structure	['David Arps', 'Laura Kallmeyer', 'Younes Samih', 'Hassan Sajjad']	Long 13/4.5/.5 (18)	Oral 	In Person	Yes	In Person 		Orals J4							
Session J	2024-06-19	11:00	Adelita (Cap. 120)	Industry	Industry 4	1	78 IND	DriftWatch: A Tool that Automatically Detects Data Drift and Extracts Representative Examples Affected by Drift	Myeongjun Erik Jang, Antonios Georgiadis, Yiyun Zhao, Fran Silavong	Long 13/4.5/.5 (18)	Oral 	In Person	Yes	In Person 		Orals J5							
Session J	2024-06-19	11:00	Adelita (Cap. 120)	Industry	Industry 4	2	86 IND	AMA-LSTM: Pioneering Robust and Fair Financial Audio Analysis for Stock Volatility Prediction	Shengkun Wang, Taoran Ji, Jianfeng He, Mariam Almutairi, Dan Wang, Linhan Wang, Min Zhang, Chang-Tien Lu	Long 13/4.5/.5 (18)	Oral 	Virtual	Yes	Virtual 	industry papers are allowed to present in ZOOM	Orals J5							
Session J	2024-06-19	11:00	Adelita (Cap. 120)	Industry	Industry 4	3	97 IND	Large Language Models Encode the Practice of Medicine	Teja Kanchinadam, Gauher Shaheen	Long 13/4.5/.5 (18)	Oral 	TBD		Virtual	industry papers are allowed to present in ZOOM	Orals J5							
Session J	2024-06-19	11:00	Adelita (Cap. 120)	Industry	Industry 4	4	101 IND	EIVEN: Efficient Implicit Attribute Value Extraction using Multimodal LLM Henry Peng Zou, Gavin Heqing Yu, Ziwei Fan, Dan Bu, Han Liu, Peng Dai, Dongmei Jia, Cornelia Caragea 		Long 13/4.5/.5 (18)	Oral 	Virtual	Yes	Virtual	industry papers are allowed to present in ZOOM	Orals I5							
